{
  "in_sample": {
    "total_return_%": 2836.453389191411,
    "max_drawdown_%": 3.7148857094384375,
    "sharpe_ratio": 0.4352807023108554,
    "sortino_ratio": 10.853769543330205,
    "calmar_ratio": 95.99151228011262,
    "total_trades": 11,
    "win_rate_%": 81.81818181818183,
    "profit_factor": 122.00839865785349
  },
  "out_of_sample": {
    "total_return_%": 231.5027766710621,
    "max_drawdown_%": 8.781774446634179,
    "sharpe_ratio": 1.1086930247747928,
    "sortino_ratio": Infinity,
    "calmar_ratio": 7.042928759780614,
    "total_trades": 8,
    "win_rate_%": 87.5,
    "profit_factor": 20.712913570376024
  }
}