{
  "in_sample": {
    "total_return_%": 3540.418988873806,
    "max_drawdown_%": 6.705218531660703,
    "sharpe_ratio": 0.43294675712284764,
    "sortino_ratio": 7.823967667730619,
    "calmar_ratio": 79.75258229169411,
    "total_trades": 9,
    "win_rate_%": 77.77777777777779,
    "profit_factor": 136.14885401937
  },
  "out_of_sample": {
    "total_return_%": 219.74885484697947,
    "max_drawdown_%": 8.781774446634179,
    "sharpe_ratio": 1.0927886297291962,
    "sortino_ratio": 0.6433319388145837,
    "calmar_ratio": 6.95474460929678,
    "total_trades": 10,
    "win_rate_%": 80.0,
    "profit_factor": 18.50872774037149
  }
}