{
  "in_sample": {
    "total_return_%": 8772.820354460655,
    "max_drawdown_%": 0.23735891620333843,
    "sharpe_ratio": 0.42203011019503,
    "sortino_ratio": Infinity,
    "calmar_ratio": 5867.606443978056,
    "total_trades": 9,
    "win_rate_%": 88.88888888888889,
    "profit_factor": 446.3095494702545
  },
  "out_of_sample": {
    "total_return_%": 168.74570572672548,
    "max_drawdown_%": 14.704291252017224,
    "sharpe_ratio": 0.9938012777553648,
    "sortino_ratio": 0.44266464102040043,
    "calmar_ratio": 3.438079745636523,
    "total_trades": 10,
    "win_rate_%": 70.0,
    "profit_factor": 6.715169627362967
  }
}