{
  "in_sample": {
    "total_return_%": 2885.3301510342235,
    "max_drawdown_%": 2.2214260462690962,
    "sharpe_ratio": 0.5937779573444738,
    "sortino_ratio": 8.859792798006492,
    "calmar_ratio": 64.83960430303523,
    "total_trades": 10,
    "win_rate_%": 80.0,
    "profit_factor": 88.22933465468375
  },
  "out_of_sample": {
    "total_return_%": 205.10299172216384,
    "max_drawdown_%": 14.704291252017224,
    "sharpe_ratio": 0.9972444285168885,
    "sortino_ratio": 0.4214333586810886,
    "calmar_ratio": 4.006672027072582,
    "total_trades": 10,
    "win_rate_%": 80.0,
    "profit_factor": 8.739884502706797
  }
}