{
  "in_sample": {
    "total_return_%": 2715.9890634954463,
    "max_drawdown_%": 0.8275401501880396,
    "sharpe_ratio": 0.6097084658745103,
    "sortino_ratio": Infinity,
    "calmar_ratio": 162.64214038107366,
    "total_trades": 9,
    "win_rate_%": 88.88888888888889,
    "profit_factor": 138.92704123148727
  },
  "out_of_sample": {
    "total_return_%": 215.86305346780375,
    "max_drawdown_%": 11.79242246102382,
    "sharpe_ratio": 1.0468554056775643,
    "sortino_ratio": Infinity,
    "calmar_ratio": 5.071225572497028,
    "total_trades": 9,
    "win_rate_%": 88.88888888888889,
    "profit_factor": 14.648849906458812
  }
}