{
  "in_sample": {
    "total_return_%": 2373.8469684125153,
    "max_drawdown_%": 0.9647768578493519,
    "sharpe_ratio": 0.5301343793390171,
    "sortino_ratio": Infinity,
    "calmar_ratio": 158.6426643180173,
    "total_trades": 9,
    "win_rate_%": 88.88888888888889,
    "profit_factor": 121.56342479436863
  },
  "out_of_sample": {
    "total_return_%": 273.0321483461171,
    "max_drawdown_%": 9.444596260629428,
    "sharpe_ratio": 1.1443251209980598,
    "sortino_ratio": Infinity,
    "calmar_ratio": 7.565587041855077,
    "total_trades": 9,
    "win_rate_%": 88.88888888888889,
    "profit_factor": 14.78670747868562
  }
}