{
  "in_sample": {
    "total_return_%": 2848.860892118707,
    "max_drawdown_%": 0.7841038297816751,
    "sharpe_ratio": 0.4393851640119376,
    "sortino_ratio": Infinity,
    "calmar_ratio": 409.6506520028438,
    "total_trades": 10,
    "win_rate_%": 90.0,
    "profit_factor": 145.68039962850128
  },
  "out_of_sample": {
    "total_return_%": 231.5027766710621,
    "max_drawdown_%": 8.781774446634179,
    "sharpe_ratio": 1.1086930247747928,
    "sortino_ratio": Infinity,
    "calmar_ratio": 7.042928759780614,
    "total_trades": 8,
    "win_rate_%": 87.5,
    "profit_factor": 20.712913570376024
  }
}