{
  "in_sample": {
    "total_return_%": 8772.820354460655,
    "max_drawdown_%": 0.23735891620333843,
    "sharpe_ratio": 0.421288533486738,
    "sortino_ratio": Infinity,
    "calmar_ratio": 5847.003893261841,
    "total_trades": 9,
    "win_rate_%": 88.88888888888889,
    "profit_factor": 446.3095494702545
  },
  "out_of_sample": {
    "total_return_%": 175.67493632650914,
    "max_drawdown_%": 14.704291252017224,
    "sharpe_ratio": 1.0137320246807615,
    "sortino_ratio": 0.4258538099612994,
    "calmar_ratio": 3.495896216578172,
    "total_trades": 10,
    "win_rate_%": 70.0,
    "profit_factor": 7.599394488818855
  }
}