{
  "in_sample": {
    "total_return_%": 3547.1242074054667,
    "max_drawdown_%": 0.614950427371202,
    "sharpe_ratio": 0.43424773562477126,
    "sortino_ratio": Infinity,
    "calmar_ratio": 813.7239924498293,
    "total_trades": 8,
    "win_rate_%": 87.5,
    "profit_factor": 181.09676933664306
  },
  "out_of_sample": {
    "total_return_%": 224.88932169753025,
    "max_drawdown_%": 8.781774446634179,
    "sharpe_ratio": 1.1036466801348863,
    "sortino_ratio": Infinity,
    "calmar_ratio": 7.024200306153004,
    "total_trades": 9,
    "win_rate_%": 88.88888888888889,
    "profit_factor": 20.170543868108865
  }
}