{
  "in_sample": {
    "total_return_%": 2636.3565932197334,
    "max_drawdown_%": 0.8558761145329155,
    "sharpe_ratio": 0.6263825322122367,
    "sortino_ratio": Infinity,
    "calmar_ratio": 151.10377732749183,
    "total_trades": 9,
    "win_rate_%": 88.88888888888889,
    "profit_factor": 134.88571544995028
  },
  "out_of_sample": {
    "total_return_%": 218.6749476470926,
    "max_drawdown_%": 8.781774446634179,
    "sharpe_ratio": 1.0784067322542632,
    "sortino_ratio": Infinity,
    "calmar_ratio": 6.786332109854459,
    "total_trades": 9,
    "win_rate_%": 88.88888888888889,
    "profit_factor": 19.64500993711184
  }
}