{
  "in_sample": {
    "total_return_%": 3162.7618057804148,
    "max_drawdown_%": 0.6978150521293757,
    "sharpe_ratio": 0.4361142940414973,
    "sortino_ratio": Infinity,
    "calmar_ratio": 617.425357048371,
    "total_trades": 8,
    "win_rate_%": 87.5,
    "profit_factor": 161.59048405172524
  },
  "out_of_sample": {
    "total_return_%": 211.23547729266474,
    "max_drawdown_%": 8.781774446634179,
    "sharpe_ratio": 1.0722361500888724,
    "sortino_ratio": Infinity,
    "calmar_ratio": 6.820086674502996,
    "total_trades": 8,
    "win_rate_%": 87.5,
    "profit_factor": 18.998959208025944
  }
}