{
  "in_sample": {
    "total_return_%": 2775.288131665087,
    "max_drawdown_%": 0.8075075582705612,
    "sharpe_ratio": 0.4510170125932015,
    "sortino_ratio": Infinity,
    "calmar_ratio": 355.4783299148974,
    "total_trades": 9,
    "win_rate_%": 88.88888888888889,
    "profit_factor": 141.93645249532673
  },
  "out_of_sample": {
    "total_return_%": 200.52344135777892,
    "max_drawdown_%": 11.79242246102382,
    "sharpe_ratio": 1.025423003001748,
    "sortino_ratio": 0.5148377838688486,
    "calmar_ratio": 5.058545793668091,
    "total_trades": 9,
    "win_rate_%": 77.77777777777779,
    "profit_factor": 11.000372193395153
  }
}