{
  "in_sample": {
    "total_return_%": 2775.288131665087,
    "max_drawdown_%": 0.8075075582705612,
    "sharpe_ratio": 0.4508502975661885,
    "sortino_ratio": Infinity,
    "calmar_ratio": 355.2155964855441,
    "total_trades": 9,
    "win_rate_%": 88.88888888888889,
    "profit_factor": 141.93645249532673
  },
  "out_of_sample": {
    "total_return_%": 205.93944473852005,
    "max_drawdown_%": 11.79242246102382,
    "sharpe_ratio": 1.0388798925279694,
    "sortino_ratio": Infinity,
    "calmar_ratio": 5.123969881046292,
    "total_trades": 9,
    "win_rate_%": 88.88888888888889,
    "profit_factor": 14.02657688437952
  }
}