{
  "in_sample": {
    "total_return_%": 8931.697953715291,
    "max_drawdown_%": 0.2327708086436834,
    "sharpe_ratio": 0.42229942559630307,
    "sortino_ratio": Infinity,
    "calmar_ratio": 6117.765460238928,
    "total_trades": 9,
    "win_rate_%": 88.88888888888889,
    "profit_factor": 454.37254356994026
  },
  "out_of_sample": {
    "total_return_%": 164.65113197046813,
    "max_drawdown_%": 14.704291252017224,
    "sharpe_ratio": 0.9819858746939355,
    "sortino_ratio": 0.49478868457071506,
    "calmar_ratio": 3.400789665544268,
    "total_trades": 11,
    "win_rate_%": 63.63636363636363,
    "profit_factor": 5.940743385154738
  }
}