{
  "in_sample": {
    "total_return_%": 2457.014476326772,
    "max_drawdown_%": 0.9273923304724374,
    "sharpe_ratio": 0.4890076351064138,
    "sortino_ratio": Infinity,
    "calmar_ratio": 200.27228505775682,
    "total_trades": 9,
    "win_rate_%": 88.88888888888889,
    "profit_factor": 125.78415275566832
  },
  "out_of_sample": {
    "total_return_%": 271.56284715187155,
    "max_drawdown_%": 9.444596260629428,
    "sharpe_ratio": 1.140555720756925,
    "sortino_ratio": 0.6967174835822607,
    "calmar_ratio": 7.534306499509763,
    "total_trades": 9,
    "win_rate_%": 77.77777777777779,
    "profit_factor": 14.002518789902364
  }
}