{
  "in_sample": {
    "total_return_%": 2666.102401352436,
    "max_drawdown_%": 4.634294337171911,
    "sharpe_ratio": 0.6538393171200438,
    "sortino_ratio": 2.649900040458856,
    "calmar_ratio": 24.321872570868635,
    "total_trades": 17,
    "win_rate_%": 88.23529411764706,
    "profit_factor": 103.67129850300543
  },
  "out_of_sample": {
    "total_return_%": 218.6749476470926,
    "max_drawdown_%": 8.781774446634179,
    "sharpe_ratio": 1.0793122070647923,
    "sortino_ratio": Infinity,
    "calmar_ratio": 6.797699500323226,
    "total_trades": 9,
    "win_rate_%": 88.88888888888889,
    "profit_factor": 19.64500993711184
  }
}