{
  "in_sample": {
    "total_return_%": 2946.6451935869886,
    "max_drawdown_%": 0.7550201674340574,
    "sharpe_ratio": 0.4378392547282497,
    "sortino_ratio": Infinity,
    "calmar_ratio": 519.5930220614358,
    "total_trades": 8,
    "win_rate_%": 87.5,
    "profit_factor": 150.62262591983827
  },
  "out_of_sample": {
    "total_return_%": 215.39907727027682,
    "max_drawdown_%": 8.781774446634179,
    "sharpe_ratio": 1.082768315938115,
    "sortino_ratio": Infinity,
    "calmar_ratio": 6.901088547432015,
    "total_trades": 8,
    "win_rate_%": 87.5,
    "profit_factor": 19.351064350969427
  }
}