{
  "in_sample": {
    "total_return_%": 3162.3389796528068,
    "max_drawdown_%": 0.6979185078936025,
    "sharpe_ratio": 0.4343866115085012,
    "sortino_ratio": Infinity,
    "calmar_ratio": 580.5544677209472,
    "total_trades": 9,
    "win_rate_%": 88.88888888888889,
    "profit_factor": 161.57917568754686
  },
  "out_of_sample": {
    "total_return_%": 236.97753536535538,
    "max_drawdown_%": 8.781774446634179,
    "sharpe_ratio": 1.1206110913486083,
    "sortino_ratio": Infinity,
    "calmar_ratio": 7.142188008379803,
    "total_trades": 8,
    "win_rate_%": 87.5,
    "profit_factor": 21.17590009717987
  }
}