{
  "in_sample": {
    "total_return_%": 3069.4808594091724,
    "max_drawdown_%": 0.7215037800627793,
    "sharpe_ratio": 0.5640876012845017,
    "sortino_ratio": Infinity,
    "calmar_ratio": 218.053082207252,
    "total_trades": 9,
    "win_rate_%": 88.88888888888889,
    "profit_factor": 156.86665183808745
  },
  "out_of_sample": {
    "total_return_%": 200.59950066050257,
    "max_drawdown_%": 11.79242246102382,
    "sharpe_ratio": 1.00858529242634,
    "sortino_ratio": 0.7177569491562173,
    "calmar_ratio": 4.891303835877279,
    "total_trades": 10,
    "win_rate_%": 80.0,
    "profit_factor": 7.675126243143957
  }
}