{
  "in_sample": {
    "total_return_%": 2832.807865148958,
    "max_drawdown_%": 0.789209856217803,
    "sharpe_ratio": 0.6260927997998813,
    "sortino_ratio": 22.245889975309208,
    "calmar_ratio": 171.14504089924185,
    "total_trades": 11,
    "win_rate_%": 81.81818181818183,
    "profit_factor": 137.5209830960576
  },
  "out_of_sample": {
    "total_return_%": 216.7555088044031,
    "max_drawdown_%": 11.79242246102382,
    "sharpe_ratio": 1.0477569551433201,
    "sortino_ratio": Infinity,
    "calmar_ratio": 5.074207811062208,
    "total_trades": 9,
    "win_rate_%": 88.88888888888889,
    "profit_factor": 14.70481249975793
  }
}