{
  "in_sample": {
    "total_return_%": 2895.73958763371,
    "max_drawdown_%": 0.7699966957625326,
    "sharpe_ratio": 0.5949067084464991,
    "sortino_ratio": Infinity,
    "calmar_ratio": 185.91484062309374,
    "total_trades": 9,
    "win_rate_%": 88.88888888888889,
    "profit_factor": 148.0493304802023
  },
  "out_of_sample": {
    "total_return_%": 204.19301999175855,
    "max_drawdown_%": 14.704291252017224,
    "sharpe_ratio": 0.9951532761658252,
    "sortino_ratio": 0.4207381425963021,
    "calmar_ratio": 3.9979492836474106,
    "total_trades": 10,
    "win_rate_%": 80.0,
    "profit_factor": 8.705876900810278
  }
}