{
  "in_sample": {
    "total_return_%": 3162.6521597548935,
    "max_drawdown_%": 0.6978418770276399,
    "sharpe_ratio": 0.436247400480792,
    "sortino_ratio": 65.37111564021126,
    "calmar_ratio": 618.494865859967,
    "total_trades": 9,
    "win_rate_%": 77.77777777777779,
    "profit_factor": 161.59506949087157
  },
  "out_of_sample": {
    "total_return_%": 211.23547729266474,
    "max_drawdown_%": 8.781774446634179,
    "sharpe_ratio": 1.0722361500888724,
    "sortino_ratio": Infinity,
    "calmar_ratio": 6.820086674502996,
    "total_trades": 8,
    "win_rate_%": 87.5,
    "profit_factor": 18.998959208025944
  }
}