{
  "in_sample": {
    "total_return_%": 8769.765118003275,
    "max_drawdown_%": 0.23744542534714996,
    "sharpe_ratio": 0.42010825026065685,
    "sortino_ratio": Infinity,
    "calmar_ratio": 5812.1951488808,
    "total_trades": 9,
    "win_rate_%": 88.88888888888889,
    "profit_factor": 446.15449706736985
  },
  "out_of_sample": {
    "total_return_%": 175.67493632650914,
    "max_drawdown_%": 14.704291252017224,
    "sharpe_ratio": 1.0104219221500865,
    "sortino_ratio": 0.4230840290835023,
    "calmar_ratio": 3.4731586802101835,
    "total_trades": 10,
    "win_rate_%": 70.0,
    "profit_factor": 7.599394488818855
  }
}