{
  "in_sample": {
    "total_return_%": 4046.5768810240575,
    "max_drawdown_%": 0.5327448081744727,
    "sharpe_ratio": 0.4325058161684529,
    "sortino_ratio": Infinity,
    "calmar_ratio": 1108.5149655393034,
    "total_trades": 8,
    "win_rate_%": 87.5,
    "profit_factor": 206.4438540065507
  },
  "out_of_sample": {
    "total_return_%": 236.97753536535538,
    "max_drawdown_%": 8.781774446634179,
    "sharpe_ratio": 1.1263426850588198,
    "sortino_ratio": Infinity,
    "calmar_ratio": 7.215191633678405,
    "total_trades": 8,
    "win_rate_%": 87.5,
    "profit_factor": 21.17590009717987
  }
}