{
  "in_sample": {
    "total_return_%": 2697.437439286263,
    "max_drawdown_%": 0.8338430365911165,
    "sharpe_ratio": 0.4401342150009148,
    "sortino_ratio": Infinity,
    "calmar_ratio": 416.63711477758125,
    "total_trades": 8,
    "win_rate_%": 87.5,
    "profit_factor": 137.9754015033728
  },
  "out_of_sample": {
    "total_return_%": 208.63418403039321,
    "max_drawdown_%": 8.781774446634179,
    "sharpe_ratio": 1.0684058541928554,
    "sortino_ratio": Infinity,
    "calmar_ratio": 6.814015759098067,
    "total_trades": 8,
    "win_rate_%": 87.5,
    "profit_factor": 18.778974401398262
  }
}