{
  "in_sample": {
    "total_return_%": 2628.658612473853,
    "max_drawdown_%": 11.993476000964556,
    "sharpe_ratio": 0.44371691920882145,
    "sortino_ratio": 6.465991895679928,
    "calmar_ratio": 23.45206219672466,
    "total_trades": 16,
    "win_rate_%": 62.5,
    "profit_factor": 76.90538589991077
  },
  "out_of_sample": {
    "total_return_%": 222.07667828017006,
    "max_drawdown_%": 8.781774446634179,
    "sharpe_ratio": 1.0880590674817425,
    "sortino_ratio": Infinity,
    "calmar_ratio": 6.8621085724475455,
    "total_trades": 9,
    "win_rate_%": 88.88888888888889,
    "profit_factor": 19.932685712223616
  }
}