{
  "in_sample": {
    "total_return_%": 3506.836504034026,
    "max_drawdown_%": 0.6227011124097775,
    "sharpe_ratio": 0.43216985817410486,
    "sortino_ratio": Infinity,
    "calmar_ratio": 783.7285582923278,
    "total_trades": 8,
    "win_rate_%": 87.5,
    "profit_factor": 179.05217956377535
  },
  "out_of_sample": {
    "total_return_%": 236.97753536535538,
    "max_drawdown_%": 8.781774446634179,
    "sharpe_ratio": 1.1215602823624444,
    "sortino_ratio": Infinity,
    "calmar_ratio": 7.154252515150715,
    "total_trades": 8,
    "win_rate_%": 87.5,
    "profit_factor": 21.17590009717987
  }
}