{
  "in_sample": {
    "total_return_%": 3547.1242074054667,
    "max_drawdown_%": 0.614950427371202,
    "sharpe_ratio": 0.43188120846186073,
    "sortino_ratio": Infinity,
    "calmar_ratio": 804.8791664449399,
    "total_trades": 8,
    "win_rate_%": 87.5,
    "profit_factor": 181.09676933664306
  },
  "out_of_sample": {
    "total_return_%": 236.97753536535538,
    "max_drawdown_%": 8.781774446634179,
    "sharpe_ratio": 1.1215602823624444,
    "sortino_ratio": Infinity,
    "calmar_ratio": 7.154252515150715,
    "total_trades": 8,
    "win_rate_%": 87.5,
    "profit_factor": 21.17590009717987
  }
}