{
  "in_sample": {
    "total_return_%": 4046.5768810240575,
    "max_drawdown_%": 0.5327448081744727,
    "sharpe_ratio": 0.4320323505591715,
    "sortino_ratio": Infinity,
    "calmar_ratio": 1106.0893310414053,
    "total_trades": 8,
    "win_rate_%": 87.5,
    "profit_factor": 206.4438540065507
  },
  "out_of_sample": {
    "total_return_%": 236.97753536535538,
    "max_drawdown_%": 8.781774446634179,
    "sharpe_ratio": 1.125381310303737,
    "sortino_ratio": Infinity,
    "calmar_ratio": 7.2029208996075225,
    "total_trades": 8,
    "win_rate_%": 87.5,
    "profit_factor": 21.17590009717987
  }
}