{
  "in_sample": {
    "total_return_%": 2713.8921566230383,
    "max_drawdown_%": 0.8281345176228592,
    "sharpe_ratio": 0.4403051153365537,
    "sortino_ratio": Infinity,
    "calmar_ratio": 423.7518813086412,
    "total_trades": 8,
    "win_rate_%": 87.5,
    "profit_factor": 138.81047384472765
  },
  "out_of_sample": {
    "total_return_%": 203.82316749675496,
    "max_drawdown_%": 11.79242246102382,
    "sharpe_ratio": 1.0329379309451978,
    "sortino_ratio": 0.487622701978304,
    "calmar_ratio": 5.0761839560941775,
    "total_trades": 9,
    "win_rate_%": 77.77777777777779,
    "profit_factor": 12.192902146128807
  }
}