{
  "in_sample": {
    "total_return_%": 8772.820354460655,
    "max_drawdown_%": 0.23735891620333843,
    "sharpe_ratio": 0.4217330098554895,
    "sortino_ratio": Infinity,
    "calmar_ratio": 5859.348025337693,
    "total_trades": 9,
    "win_rate_%": 88.88888888888889,
    "profit_factor": 446.3095494702545
  },
  "out_of_sample": {
    "total_return_%": 171.69866796811374,
    "max_drawdown_%": 14.704291252017224,
    "sharpe_ratio": 1.002789785319228,
    "sortino_ratio": 0.4218989573360459,
    "calmar_ratio": 3.4604649500126823,
    "total_trades": 10,
    "win_rate_%": 70.0,
    "profit_factor": 7.4517036325112604
  }
}