{
  "in_sample": {
    "total_return_%": 2981.826117595781,
    "max_drawdown_%": 0.7450772253076975,
    "sharpe_ratio": 0.4644725983604443,
    "sortino_ratio": Infinity,
    "calmar_ratio": 341.6512960077141,
    "total_trades": 9,
    "win_rate_%": 88.88888888888889,
    "profit_factor": 152.41819800087842
  },
  "out_of_sample": {
    "total_return_%": 205.64673741459725,
    "max_drawdown_%": 14.704291252017224,
    "sharpe_ratio": 1.0166078110633576,
    "sortino_ratio": Infinity,
    "calmar_ratio": 4.166869920395655,
    "total_trades": 8,
    "win_rate_%": 87.5,
    "profit_factor": 11.39634614014904
  }
}