{
  "in_sample": {
    "total_return_%": 3388.377687395195,
    "max_drawdown_%": 0.6466659708681208,
    "sharpe_ratio": 0.43228004546080345,
    "sortino_ratio": Infinity,
    "calmar_ratio": 720.5057926343575,
    "total_trades": 8,
    "win_rate_%": 87.5,
    "profit_factor": 173.040427472256
  },
  "out_of_sample": {
    "total_return_%": 236.97753536535538,
    "max_drawdown_%": 8.781774446634179,
    "sharpe_ratio": 1.1206110913486083,
    "sortino_ratio": Infinity,
    "calmar_ratio": 7.142188008379803,
    "total_trades": 8,
    "win_rate_%": 87.5,
    "profit_factor": 21.17590009717987
  }
}