{
  "in_sample": {
    "total_return_%": 2765.625960103916,
    "max_drawdown_%": 23.658247905052292,
    "sharpe_ratio": 0.5986214334172067,
    "sortino_ratio": 1.3552917999648382,
    "calmar_ratio": 5.880926982668047,
    "total_trades": 22,
    "win_rate_%": 68.18181818181817,
    "profit_factor": 42.232420283282124
  },
  "out_of_sample": {
    "total_return_%": 218.6749476470926,
    "max_drawdown_%": 8.781774446634179,
    "sharpe_ratio": 1.0793122070647923,
    "sortino_ratio": Infinity,
    "calmar_ratio": 6.797699500323226,
    "total_trades": 9,
    "win_rate_%": 88.88888888888889,
    "profit_factor": 19.64500993711184
  }
}