{
  "in_sample": {
    "total_return_%": 3242.782404198989,
    "max_drawdown_%": 7.094740599146878,
    "sharpe_ratio": 0.4347589921584786,
    "sortino_ratio": 6.513344880291249,
    "calmar_ratio": 66.117281734137,
    "total_trades": 10,
    "win_rate_%": 80.0,
    "profit_factor": 122.26290528912718
  },
  "out_of_sample": {
    "total_return_%": 210.7224569122594,
    "max_drawdown_%": 8.781774446634179,
    "sharpe_ratio": 1.07192240620594,
    "sortino_ratio": Infinity,
    "calmar_ratio": 6.823367109303595,
    "total_trades": 8,
    "win_rate_%": 87.5,
    "profit_factor": 18.955574369101257
  }
}