{
  "in_sample": {
    "total_return_%": 3025.3383057550186,
    "max_drawdown_%": 0.7332362052723643,
    "sharpe_ratio": 0.4818332181211696,
    "sortino_ratio": Infinity,
    "calmar_ratio": 284.58942133379384,
    "total_trades": 12,
    "win_rate_%": 91.66666666666666,
    "profit_factor": 154.65687931605936
  },
  "out_of_sample": {
    "total_return_%": 205.64673741459725,
    "max_drawdown_%": 14.704291252017224,
    "sharpe_ratio": 1.0166078110633576,
    "sortino_ratio": Infinity,
    "calmar_ratio": 4.166869920395655,
    "total_trades": 8,
    "win_rate_%": 87.5,
    "profit_factor": 11.39634614014904
  }
}