{
  "in_sample": {
    "total_return_%": 3506.836504034026,
    "max_drawdown_%": 0.6227011124097775,
    "sharpe_ratio": 0.432640724613269,
    "sortino_ratio": Infinity,
    "calmar_ratio": 785.4372688118605,
    "total_trades": 8,
    "win_rate_%": 87.5,
    "profit_factor": 179.05217956377535
  },
  "out_of_sample": {
    "total_return_%": 236.97753536535538,
    "max_drawdown_%": 8.781774446634179,
    "sharpe_ratio": 1.123465922929084,
    "sortino_ratio": Infinity,
    "calmar_ratio": 7.178504218591904,
    "total_trades": 8,
    "win_rate_%": 87.5,
    "profit_factor": 21.17590009717987
  }
}