{
  "in_sample": {
    "total_return_%": 2577.5576751287513,
    "max_drawdown_%": 0.8779329626383172,
    "sharpe_ratio": 0.4412159303898163,
    "sortino_ratio": Infinity,
    "calmar_ratio": 370.6044347695772,
    "total_trades": 8,
    "win_rate_%": 87.5,
    "profit_factor": 131.89153671936035
  },
  "out_of_sample": {
    "total_return_%": 208.63418403039321,
    "max_drawdown_%": 8.781774446634179,
    "sharpe_ratio": 1.0674865824916877,
    "sortino_ratio": Infinity,
    "calmar_ratio": 6.802327910454673,
    "total_trades": 8,
    "win_rate_%": 87.5,
    "profit_factor": 18.778974401398262
  }
}