{
  "in_sample": {
    "total_return_%": 2826.4642621528383,
    "max_drawdown_%": 0.7911998996202352,
    "sharpe_ratio": 0.6255158725956913,
    "sortino_ratio": Infinity,
    "calmar_ratio": 171.31230249338992,
    "total_trades": 9,
    "win_rate_%": 88.88888888888889,
    "profit_factor": 144.53362692459376
  },
  "out_of_sample": {
    "total_return_%": 215.86305346780375,
    "max_drawdown_%": 11.79242246102382,
    "sharpe_ratio": 1.0468554056775643,
    "sortino_ratio": Infinity,
    "calmar_ratio": 5.071225572497028,
    "total_trades": 9,
    "win_rate_%": 88.88888888888889,
    "profit_factor": 14.648849906458812
  }
}