{
  "in_sample": {
    "total_return_%": 2713.8921566230383,
    "max_drawdown_%": 0.8281345176228592,
    "sharpe_ratio": 0.4404675647647444,
    "sortino_ratio": Infinity,
    "calmar_ratio": 424.0646133243671,
    "total_trades": 8,
    "win_rate_%": 87.5,
    "profit_factor": 138.81047384472765
  },
  "out_of_sample": {
    "total_return_%": 208.7918361602635,
    "max_drawdown_%": 11.79242246102382,
    "sharpe_ratio": 1.044686927186473,
    "sortino_ratio": 0.4929569934339297,
    "calmar_ratio": 5.1381236747462005,
    "total_trades": 9,
    "win_rate_%": 77.77777777777779,
    "profit_factor": 12.463366913422433
  }
}