{
  "in_sample": {
    "total_return_%": 8938.112301723846,
    "max_drawdown_%": 0.2327708086436834,
    "sharpe_ratio": 0.42305025014382774,
    "sortino_ratio": Infinity,
    "calmar_ratio": 6139.48385449815,
    "total_trades": 9,
    "win_rate_%": 88.88888888888889,
    "profit_factor": 454.6980699524443
  },
  "out_of_sample": {
    "total_return_%": 199.38051263895056,
    "max_drawdown_%": 14.704291252017224,
    "sharpe_ratio": 1.0854957014379845,
    "sortino_ratio": Infinity,
    "calmar_ratio": 3.7593997195181865,
    "total_trades": 8,
    "win_rate_%": 87.5,
    "profit_factor": 11.082006611467943
  }
}