{
  "in_sample": {
    "total_return_%": 2761.4836912805586,
    "max_drawdown_%": 0.8120553320443101,
    "sharpe_ratio": 0.44511813549223866,
    "sortino_ratio": Infinity,
    "calmar_ratio": 390.7885761301391,
    "total_trades": 9,
    "win_rate_%": 88.88888888888889,
    "profit_factor": 141.235880974281
  },
  "out_of_sample": {
    "total_return_%": 208.35788683603113,
    "max_drawdown_%": 11.79242246102382,
    "sharpe_ratio": 1.0438520325250484,
    "sortino_ratio": Infinity,
    "calmar_ratio": 5.144314602863078,
    "total_trades": 9,
    "win_rate_%": 88.88888888888889,
    "profit_factor": 14.178228497597713
  }
}