{
  "in_sample": {
    "total_return_%": 2529.4748377803026,
    "max_drawdown_%": 0.9262623034004136,
    "sharpe_ratio": 0.6432109742144035,
    "sortino_ratio": Infinity,
    "calmar_ratio": 130.09973938244403,
    "total_trades": 10,
    "win_rate_%": 90.0,
    "profit_factor": 129.47164594809672
  },
  "out_of_sample": {
    "total_return_%": 207.65618283825708,
    "max_drawdown_%": 14.704291252017224,
    "sharpe_ratio": 1.000661441364625,
    "sortino_ratio": Infinity,
    "calmar_ratio": 4.020279651132223,
    "total_trades": 8,
    "win_rate_%": 87.5,
    "profit_factor": 11.49714816209988
  }
}