{
  "in_sample": {
    "total_return_%": 3049.4451102114713,
    "max_drawdown_%": 0.7266837719372852,
    "sharpe_ratio": 0.43506108719217457,
    "sortino_ratio": Infinity,
    "calmar_ratio": 524.9179609017491,
    "total_trades": 10,
    "win_rate_%": 90.0,
    "profit_factor": 155.85999306747263
  },
  "out_of_sample": {
    "total_return_%": 236.97753536535538,
    "max_drawdown_%": 8.781774446634179,
    "sharpe_ratio": 1.119664306218558,
    "sortino_ratio": Infinity,
    "calmar_ratio": 7.1301641228438095,
    "total_trades": 8,
    "win_rate_%": 87.5,
    "profit_factor": 21.17590009717987
  }
}